time,bid,ask,last,volume,time_msc,flags,volume_real
1737189152,102845.03,102846.43,0.0,0,1737189152401,6,0.0
1737189152,102845.04,102846.44,0.0,0,1737189152912,6,0.0
1737189192,102887.36,102888.76,0.0,0,1737189192010,6,0.0
1737189192,102884.1,102885.5,0.0,0,1737189192137,6,0.0
1737189192,102883.15,102884.55,0.0,0,1737189192248,6,0.0
1737189192,102879.45,102880.85,0.0,0,1737189192298,6,0.0
1737189192,102877.15,102878.55,0.0,0,1737189192423,6,0.0
1737189192,102880.25,102881.65,0.0,0,1737189192530,6,0.0
1737189192,102880.22,102881.62,0.0,0,1737189192641,6,0.0
1737189192,102877.14,102878.54,0.0,0,1737189192780,6,0.0
1737189193,102880.41,102881.81,0.0,0,1737189193015,6,0.0
1737189193,102879.97,102881.37,0.0,0,1737189193125,6,0.0
1737189193,102882.89,102884.29,0.0,0,1737189193246,6,0.0
1737189193,102884.36,102885.76,0.0,0,1737189193403,6,0.0
1737189193,102884.02,102885.42,0.0,0,1737189193510,6,0.0
1737189193,102882.45,102883.85,0.0,0,1737189193691,6,0.0
1737189193,102879.56,102880.96,0.0,0,1737189193861,6,0.0
1737189193,102881.57,102882.97,0.0,0,1737189193995,6,0.0
1737189194,102885.02,102886.42,0.0,0,1737189194142,6,0.0
1737189194,102877.16,102878.56,0.0,0,1737189194293,6,0.0
1737189194,102881.83,102883.23,0.0,0,1737189194989,6,0.0
1737189195,102884.18,102885.58,0.0,0,1737189195151,6,0.0
1737189195,102885.35,102886.75,0.0,0,1737189195265,6,0.0
1737189195,102888.69,102890.09,0.0,0,1737189195379,6,0.0
1737189195,102887.58,102888.98,0.0,0,1737189195487,6,0.0
1737189195,102886.94,102888.34,0.0,0,1737189195708,6,0.0
1737189195,102888.67,102890.07,0.0,0,1737189195884,6,0.0
1737189195,102888.33,102889.73,0.0,0,1737189195993,6,0.0
1737189196,102888.69,102890.09,0.0,0,1737189196139,6,0.0
1737189196,102888.7,102890.1,0.0,0,1737189196648,6,0.0
1737189197,102888.02,102889.42,0.0,0,1737189197610,6,0.0
1737189197,102885.48,102886.88,0.0,0,1737189197754,6,0.0
1737189198,102888.71,102890.11,0.0,0,1737189198035,6,0.0
1737189198,102888.0,102889.4,0.0,0,1737189198208,6,0.0
1737189198,102888.71,102890.11,0.0,0,1737189198324,6,0.0
1737189198,102888.72,102890.12,0.0,0,1737189198571,6,0.0
1737189198,102888.52,102889.92,0.0,0,1737189198678,6,0.0
1737189198,102886.81,102888.21,0.0,0,1737189198855,6,0.0
1737189198,102888.01,102889.41,0.0,0,1737189198985,6,0.0
1737189199,102887.69,102889.09,0.0,0,1737189199101,6,0.0
1737189199,102888.73,102890.13,0.0,0,1737189199233,6,0.0
1737189199,102886.46,102887.86,0.0,0,1737189199343,6,0.0
1737189199,102888.01,102889.41,0.0,0,1737189199462,6,0.0
1737189199,102886.36,102887.76,0.0,0,1737189199617,6,0.0
1737189199,102883.55,102884.95,0.0,0,1737189199737,6,0.0
1737189199,102881.15,102882.55,0.0,0,1737189199890,6,0.0
1737189200,102881.42,102882.82,0.0,0,1737189200006,6,0.0
1737189200,102881.28,102882.68,0.0,0,1737189200117,6,0.0
1737189200,102879.68,102881.08,0.0,0,1737189200245,6,0.0
1737189200,102875.61,102877.01,0.0,0,1737189200366,6,0.0
1737189200,102872.4,102873.8,0.0,0,1737189200473,6,0.0
1737189200,102874.19,102875.59,0.0,0,1737189200635,6,0.0
1737189200,102876.57,102877.97,0.0,0,1737189200753,6,0.0
1737189200,102876.37,102877.77,0.0,0,1737189200874,6,0.0
1737189200,102877.27,102878.67,0.0,0,1737189200995,6,0.0
1737189201,102877.77,102879.17,0.0,0,1737189201097,6,0.0
1737189201,102877.89,102879.29,0.0,0,1737189201219,6,0.0
1737189201,102878.47,102879.87,0.0,0,1737189201347,6,0.0
1737189201,102880.5,102881.9,0.0,0,1737189201463,6,0.0
1737189201,102879.69,102881.09,0.0,0,1737189201587,6,0.0
1737189201,102878.8,102880.2,0.0,0,1737189201693,6,0.0
1737189201,102881.54,102882.94,0.0,0,1737189201909,6,0.0
1737189202,102883.03,102884.43,0.0,0,1737189202015,6,0.0
1737189202,102882.05,102883.45,0.0,0,1737189202144,6,0.0
1737189202,102879.44,102880.84,0.0,0,1737189202282,6,0.0
1737189202,102883.31,102884.71,0.0,0,1737189202391,6,0.0
1737189202,102883.79,102885.19,0.0,0,1737189202527,6,0.0
1737189202,102883.8,102885.2,0.0,0,1737189202802,6,0.0
1737189203,102883.81,102885.21,0.0,0,1737189203303,6,0.0
1737189203,102883.63,102885.03,0.0,0,1737189203419,6,0.0
1737189203,102883.81,102885.21,0.0,0,1737189203522,6,0.0
1737189203,102883.79,102885.19,0.0,0,1737189203674,6,0.0
1737189203,102887.83,102889.23,0.0,0,1737189203726,6,0.0
1737189203,102888.73,102890.13,0.0,0,1737189203830,6,0.0
1737189204,102888.45,102889.85,0.0,0,1737189204118,6,0.0
1737189204,102888.2,102889.6,0.0,0,1737189204274,6,0.0
1737189204,102888.31,102889.71,0.0,0,1737189204379,6,0.0
1737189204,102886.35,102887.75,0.0,0,1737189204503,6,0.0
1737189204,102888.57,102889.97,0.0,0,1737189204621,6,0.0
1737189204,102888.84,102890.24,0.0,0,1737189204743,6,0.0
1737189204,102888.43,102889.83,0.0,0,1737189204867,6,0.0
1737189204,102888.8,102890.2,0.0,0,1737189204989,6,0.0
1737189205,102886.5,102887.9,0.0,0,1737189205093,6,0.0
1737189205,102886.06,102887.46,0.0,0,1737189205201,6,0.0
1737189205,102887.01,102888.41,0.0,0,1737189205311,6,0.0
1737189205,102885.64,102887.04,0.0,0,1737189205426,6,0.0
1737189205,102883.4,102884.8,0.0,0,1737189205593,6,0.0
1737189205,102887.92,102889.32,0.0,0,1737189205645,6,0.0
1737189205,102888.13,102889.53,0.0,0,1737189205758,6,0.0
1737189205,102888.84,102890.24,0.0,0,1737189205860,6,0.0
1737189205,102888.11,102889.51,0.0,0,1737189205991,6,0.0
1737189206,102885.38,102886.78,0.0,0,1737189206143,6,0.0
1737189206,102884.19,102885.59,0.0,0,1737189206271,6,0.0
1737189206,102882.27,102883.67,0.0,0,1737189206397,6,0.0
1737189206,102882.93,102884.33,0.0,0,1737189206549,6,0.0
1737189206,102884.59,102885.99,0.0,0,1737189206660,6,0.0
1737189206,102886.55,102887.95,0.0,0,1737189206794,6,0.0
1737189206,102887.21,102888.61,0.0,0,1737189206896,6,0.0
1737189207,102888.78,102890.18,0.0,0,1737189207068,6,0.0
1737189207,102886.76,102888.16,0.0,0,1737189207201,6,0.0
1737189207,102887.59,102888.99,0.0,0,1737189207404,6,0.0
1737189207,102892.89,102894.29,0.0,0,1737189207514,6,0.0
1737189207,102890.13,102891.53,0.0,0,1737189207619,6,0.0
1737189207,102892.9,102894.3,0.0,0,1737189207907,6,0.0
1737189208,102892.91,102894.31,0.0,0,1737189208141,6,0.0
1737189208,102890.37,102891.77,0.0,0,1737189208523,6,0.0
1737189208,102892.11,102893.51,0.0,0,1737189208686,6,0.0
1737189208,102889.27,102890.67,0.0,0,1737189208826,6,0.0
1737189208,102886.34,102887.74,0.0,0,1737189208983,6,0.0
1737189209,102890.56,102891.96,0.0,0,1737189209096,6,0.0
1737189209,102889.76,102891.16,0.0,0,1737189209219,6,0.0
1737189209,102885.04,102886.44,0.0,0,1737189209384,6,0.0
1737189209,102883.09,102884.49,0.0,0,1737189209531,6,0.0
1737189209,102883.78,102885.18,0.0,0,1737189209647,6,0.0
1737189209,102884.87,102886.27,0.0,0,1737189209806,6,0.0
1737189210,102889.98,102891.38,0.0,0,1737189210145,6,0.0
1737189210,102890.42,102891.82,0.0,0,1737189210254,6,0.0
1737189210,102890.25,102891.65,0.0,0,1737189210380,6,0.0
1737189210,102888.99,102890.39,0.0,0,1737189210488,6,0.0
1737189210,102889.09,102890.49,0.0,0,1737189210628,6,0.0
1737189210,102891.05,102892.45,0.0,0,1737189210760,6,0.0
1737189210,102892.96,102894.36,0.0,0,1737189210926,6,0.0
1737189211,102891.44,102892.84,0.0,0,1737189211033,6,0.0
1737189211,102889.8,102891.2,0.0,0,1737189211143,6,0.0
1737189211,102889.06,102890.46,0.0,0,1737189211253,6,0.0
1737189211,102887.77,102889.17,0.0,0,1737189211390,6,0.0
1737189211,102886.83,102888.23,0.0,0,1737189211499,6,0.0
1737189211,102885.97,102887.37,0.0,0,1737189211682,6,0.0
1737189211,102884.94,102886.34,0.0,0,1737189211791,6,0.0
1737189211,102887.13,102888.53,0.0,0,1737189211904,6,0.0
1737189212,102889.54,102890.94,0.0,0,1737189212048,6,0.0
1737189212,102891.4,102892.8,0.0,0,1737189212214,6,0.0
1737189212,102892.19,102893.59,0.0,0,1737189212326,6,0.0
1737189212,102892.99,102894.39,0.0,0,1737189212485,6,0.0
1737189212,102893.0,102894.4,0.0,0,1737189212630,6,0.0
1737189213,102893.01,102894.41,0.0,0,1737189213105,6,0.0
1737189213,102893.02,102894.42,0.0,0,1737189213717,6,0.0
1737189213,102895.03,102896.43,0.0,0,1737189213830,6,0.0
1737189214,102890.92,102892.32,0.0,0,1737189214177,6,0.0
1737189214,102886.25,102887.65,0.0,0,1737189214281,6,0.0
1737189214,102883.52,102884.92,0.0,0,1737189214389,6,0.0
1737189214,102886.98,102888.38,0.0,0,1737189214731,6,0.0
1737189214,102892.62,102894.02,0.0,0,1737189214854,6,0.0
1737189214,102894.53,102895.93,0.0,0,1737189214956,6,0.0
1737189215,102896.93,102898.33,0.0,0,1737189215068,6,0.0
1737189215,102900.12,102901.52,0.0,0,1737189215188,6,0.0
1737189215,102908.45,102909.85,0.0,0,1737189215289,6,0.0
1737189215,102912.13,102913.53,0.0,0,1737189215395,6,0.0
1737189215,102904.05,102905.45,0.0,0,1737189215500,6,0.0
1737189215,102907.15,102908.55,0.0,0,1737189215605,6,0.0
1737189215,102911.62,102913.02,0.0,0,1737189215728,6,0.0
1737189215,102911.6,102913.0,0.0,0,1737189215835,6,0.0
1737189215,102905.32,102906.72,0.0,0,1737189215981,6,0.0
1737189216,102906.21,102907.61,0.0,0,1737189216092,6,0.0
1737189216,102909.66,102911.06,0.0,0,1737189216234,6,0.0
1737189216,102939.64,102941.04,0.0,0,1737189216282,6,0.0
1737189216,102942.29,102943.69,0.0,0,1737189216391,6,0.0
1737189216,102938.9,102940.3,0.0,0,1737189216493,6,0.0
1737189216,102935.41,102936.81,0.0,0,1737189216594,6,0.0
1737189216,102935.43,102936.83,0.0,0,1737189216704,6,0.0
1737189216,102933.34,102934.74,0.0,0,1737189216809,6,0.0
1737189216,102933.2,102934.6,0.0,0,1737189216914,6,0.0
1737189217,102930.24,102931.64,0.0,0,1737189217017,6,0.0
1737189217,102922.15,102923.55,0.0,0,1737189217136,6,0.0
1737189217,102923.67,102925.07,0.0,0,1737189217237,6,0.0
1737189217,102924.2,102925.6,0.0,0,1737189217358,6,0.0
1737189217,102922.97,102924.37,0.0,0,1737189217477,6,0.0
1737189217,102925.56,102926.96,0.0,0,1737189217587,6,0.0
1737189217,102926.58,102927.98,0.0,0,1737189217692,6,0.0
1737189217,102926.57,102927.97,0.0,0,1737189217797,6,0.0
1737189218,102926.5,102927.9,0.0,0,1737189218100,6,0.0
1737189218,102915.05,102916.45,0.0,0,1737189218211,6,0.0
1737189218,102915.04,102916.44,0.0,0,1737189218335,6,0.0
1737189218,102915.03,102916.43,0.0,0,1737189218655,6,0.0
1737189218,102915.02,102916.42,0.0,0,1737189218758,6,0.0
1737189218,102915.01,102916.41,0.0,0,1737189218860,6,0.0
1737189218,102919.1,102920.5,0.0,0,1737189218932,6,0.0
1737189219,102919.09,102920.49,0.0,0,1737189219301,6,0.0
1737189219,102919.83,102921.23,0.0,0,1737189219412,6,0.0
1737189219,102919.09,102920.49,0.0,0,1737189219555,6,0.0
1737189219,102922.19,102923.59,0.0,0,1737189219924,6,0.0
1737189221,102958.79,102960.19,0.0,0,1737189221599,6,0.0
1737189221,102958.66,102960.06,0.0,0,1737189221703,6,0.0
1737189221,102958.67,102960.07,0.0,0,1737189221803,6,0.0
1737189221,102958.68,102960.08,0.0,0,1737189221905,6,0.0
1737189222,102958.69,102960.09,0.0,0,1737189222016,6,0.0
1737189222,102958.7,102960.1,0.0,0,1737189222121,6,0.0
1737189222,102970.27,102971.67,0.0,0,1737189222231,6,0.0
1737189222,102968.62,102970.02,0.0,0,1737189222333,6,0.0
1737189222,102963.21,102964.61,0.0,0,1737189222445,6,0.0
1737189222,102958.77,102960.17,0.0,0,1737189222556,6,0.0
1737189222,102963.55,102964.95,0.0,0,1737189222664,6,0.0
1737189222,102963.83,102965.23,0.0,0,1737189222796,6,0.0
1737189222,102963.2,102964.6,0.0,0,1737189222941,6,0.0
1737189223,102967.53,102968.93,0.0,0,1737189223043,6,0.0
1737189223,102970.59,102971.99,0.0,0,1737189223148,6,0.0
1737189223,102989.85,102991.25,0.0,0,1737189223257,6,0.0
1737189223,102989.45,102990.85,0.0,0,1737189223370,6,0.0
1737189223,102989.46,102990.86,0.0,0,1737189223586,6,0.0
1737189223,102985.79,102987.19,0.0,0,1737189223805,6,0.0
1737189223,102982.85,102984.25,0.0,0,1737189223906,6,0.0
1737189224,102979.23,102980.63,0.0,0,1737189224091,6,0.0
1737189224,102986.54,102987.94,0.0,0,1737189224205,6,0.0
1737189224,102986.23,102987.63,0.0,0,1737189224312,6,0.0
1737189224,102977.94,102979.34,0.0,0,1737189224427,6,0.0
1737189224,102978.5,102979.9,0.0,0,1737189224555,6,0.0
1737189224,102977.74,102979.14,0.0,0,1737189224662,6,0.0
1737189224,102971.24,102972.64,0.0,0,1737189224712,6,0.0
1737189224,102958.74,102960.14,0.0,0,1737189224762,6,0.0
1737189224,102958.73,102960.13,0.0,0,1737189224864,6,0.0
1737189224,102962.18,102963.58,0.0,0,1737189224964,6,0.0
1737189225,102957.44,102958.84,0.0,0,1737189225014,6,0.0
1737189225,102952.52,102953.92,0.0,0,1737189225119,6,0.0
1737189225,102952.89,102954.29,0.0,0,1737189225232,6,0.0
1737189225,102952.42,102953.82,0.0,0,1737189225341,6,0.0
1737189225,102947.63,102949.03,0.0,0,1737189225478,6,0.0
1737189225,102947.62,102949.02,0.0,0,1737189225702,6,0.0
1737189225,102947.63,102949.03,0.0,0,1737189225952,6,0.0
1737189226,102947.64,102949.04,0.0,0,1737189226433,6,0.0
1737189226,102947.65,102949.05,0.0,0,1737189226811,6,0.0
1737189227,102947.66,102949.06,0.0,0,1737189227199,6,0.0
1737189227,102947.67,102949.07,0.0,0,1737189227590,6,0.0
1737189227,102947.68,102949.08,0.0,0,1737189227958,6,0.0
1737189228,102959.56,102960.96,0.0,0,1737189228194,6,0.0
1737189228,102955.14,102956.54,0.0,0,1737189228245,6,0.0
1737189228,102961.48,102962.88,0.0,0,1737189228351,6,0.0
1737189228,102957.1,102958.5,0.0,0,1737189228457,6,0.0
1737189228,102956.48,102957.88,0.0,0,1737189228580,6,0.0
1737189228,102958.95,102960.35,0.0,0,1737189228690,6,0.0
1737189228,102953.7,102955.1,0.0,0,1737189228799,6,0.0
1737189228,102952.01,102953.41,0.0,0,1737189228922,6,0.0
1737189229,102955.1,102956.5,0.0,0,1737189229044,6,0.0
1737189229,102952.02,102953.42,0.0,0,1737189229190,6,0.0
1737189229,102955.49,102956.89,0.0,0,1737189229295,6,0.0
1737189229,102957.13,102958.53,0.0,0,1737189229433,6,0.0
1737189229,102959.81,102961.21,0.0,0,1737189229544,6,0.0
1737189229,102957.14,102958.54,0.0,0,1737189229651,6,0.0
1737189229,102962.82,102964.22,0.0,0,1737189229813,6,0.0
1737189230,102958.98,102960.38,0.0,0,1737189230004,6,0.0
1737189230,102959.05,102960.45,0.0,0,1737189230128,6,0.0
1737189230,102959.7,102961.1,0.0,0,1737189230240,6,0.0
1737189230,102958.99,102960.39,0.0,0,1737189230344,6,0.0
1737189230,102959.7,102961.1,0.0,0,1737189230478,6,0.0
1737189230,102956.08,102957.48,0.0,0,1737189230593,6,0.0
1737189230,102959.51,102960.91,0.0,0,1737189230709,6,0.0
1737189230,102963.58,102964.98,0.0,0,1737189230845,6,0.0
1737189230,102963.11,102964.51,0.0,0,1737189230984,6,0.0
1737189231,102959.44,102960.84,0.0,0,1737189231125,6,0.0
1737189231,102959.77,102961.17,0.0,0,1737189231230,6,0.0
1737189231,102956.69,102958.09,0.0,0,1737189231341,6,0.0
1737189231,102956.56,102957.96,0.0,0,1737189231447,6,0.0
1737189231,102956.67,102958.07,0.0,0,1737189231550,6,0.0
1737189231,102952.08,102953.48,0.0,0,1737189231697,6,0.0
1737189231,102954.17,102955.57,0.0,0,1737189231810,6,0.0
1737189231,102952.09,102953.49,0.0,0,1737189231923,6,0.0
1737189232,102952.53,102953.93,0.0,0,1737189232206,6,0.0
1737189232,102958.45,102959.85,0.0,0,1737189232316,6,0.0
1737189232,102960.7,102962.1,0.0,0,1737189232367,6,0.0
1737189232,102960.97,102962.37,0.0,0,1737189232473,6,0.0
1737189232,102960.7,102962.1,0.0,0,1737189232600,6,0.0
1737189232,102955.02,102956.42,0.0,0,1737189232762,6,0.0
1737189232,102952.23,102953.63,0.0,0,1737189232877,6,0.0
1737189233,102952.24,102953.64,0.0,0,1737189233015,6,0.0
1737189233,102952.25,102953.65,0.0,0,1737189233462,6,0.0
1737189233,102952.26,102953.66,0.0,0,1737189233757,6,0.0
1737189234,102952.5,102953.9,0.0,0,1737189234072,6,0.0
1737189234,102956.51,102957.91,0.0,0,1737189234227,6,0.0
1737189234,102955.54,102956.94,0.0,0,1737189234359,6,0.0
1737189234,102955.19,102956.59,0.0,0,1737189234463,6,0.0
1737189234,102953.02,102954.42,0.0,0,1737189234619,6,0.0
1737189234,102952.51,102953.91,0.0,0,1737189234787,6,0.0
1737189234,102952.29,102953.69,0.0,0,1737189234990,6,0.0
1737189235,102972.06,102973.46,0.0,0,1737189235042,6,0.0
1737189235,102969.31,102970.71,0.0,0,1737189235158,6,0.0
1737189235,102969.94,102971.34,0.0,0,1737189235267,6,0.0
1737189235,102968.51,102969.91,0.0,0,1737189235369,6,0.0
1737189235,102968.45,102969.85,0.0,0,1737189235472,6,0.0
1737189235,102968.58,102969.98,0.0,0,1737189235594,6,0.0
1737189235,102966.41,102967.81,0.0,0,1737189235701,6,0.0
1737189235,102966.21,102967.61,0.0,0,1737189235804,6,0.0
1737189235,102962.55,102963.95,0.0,0,1737189235854,6,0.0
1737189235,102962.52,102963.92,0.0,0,1737189235962,6,0.0
1737189236,102962.42,102963.82,0.0,0,1737189236062,6,0.0
1737189236,102962.43,102963.83,0.0,0,1737189236322,6,0.0
1737189236,102964.25,102965.65,0.0,0,1737189236440,6,0.0
1737189236,102967.64,102969.04,0.0,0,1737189236564,6,0.0
1737189236,102965.68,102967.08,0.0,0,1737189236707,6,0.0
1737189236,102962.68,102964.08,0.0,0,1737189236814,6,0.0
1737189236,102963.32,102964.72,0.0,0,1737189236941,6,0.0
1737189237,102962.44,102963.84,0.0,0,1737189237059,6,0.0
1737189237,102964.22,102965.62,0.0,0,1737189237168,6,0.0
1737189237,102965.66,102967.06,0.0,0,1737189237275,6,0.0
1737189237,102965.26,102966.66,0.0,0,1737189237433,6,0.0
1737189237,102964.09,102965.49,0.0,0,1737189237562,6,0.0
1737189237,102964.37,102965.77,0.0,0,1737189237664,6,0.0
1737189237,102962.45,102963.85,0.0,0,1737189237767,6,0.0
1737189237,102966.36,102967.76,0.0,0,1737189237873,6,0.0
1737189237,102966.46,102967.86,0.0,0,1737189237981,6,0.0
1737189238,102969.67,102971.07,0.0,0,1737189238084,6,0.0
1737189238,102973.46,102974.86,0.0,0,1737189238301,6,0.0
1737189238,102972.08,102973.48,0.0,0,1737189238405,6,0.0
1737189238,102972.12,102973.52,0.0,0,1737189238629,6,0.0
1737189238,102972.67,102974.07,0.0,0,1737189238773,6,0.0
1737189238,102972.08,102973.48,0.0,0,1737189238918,6,0.0
1737189239,102972.09,102973.49,0.0,0,1737189239049,6,0.0
1737189239,102977.3,102978.7,0.0,0,1737189239532,6,0.0
1737189239,102977.29,102978.69,0.0,0,1737189239753,6,0.0
1737189239,102977.3,102978.7,0.0,0,1737189239873,6,0.0
1737189240,102977.37,102978.77,0.0,0,1737189240112,6,0.0
1737189240,102977.3,102978.7,0.0,0,1737189240225,6,0.0
1737189240,102977.9,102979.3,0.0,0,1737189240538,6,0.0
1737189240,102978.31,102979.71,0.0,0,1737189240777,6,0.0
1737189241,102978.32,102979.72,0.0,0,1737189241382,6,0.0
1737189241,102981.58,102982.98,0.0,0,1737189241796,6,0.0
1737189241,102981.04,102982.44,0.0,0,1737189241918,6,0.0
1737189242,102986.2,102987.6,0.0,0,1737189242028,6,0.0
1737189242,103000.59,103001.99,0.0,0,1737189242135,6,0.0
1737189242,103017.88,103019.28,0.0,0,1737189242185,6,0.0
1737189242,103006.37,103007.77,0.0,0,1737189242287,6,0.0
1737189242,103006.36,103007.76,0.0,0,1737189242492,6,0.0
1737189242,103001.57,103002.97,0.0,0,1737189242567,6,0.0
1737189242,103001.56,103002.96,0.0,0,1737189242669,6,0.0
1737189243,103002.21,103003.61,0.0,0,1737189243865,6,0.0
1737189243,103006.2,103007.6,0.0,0,1737189243987,6,0.0
1737189244,103003.02,103004.42,0.0,0,1737189244104,6,0.0
1737189244,103001.55,103002.95,0.0,0,1737189244212,6,0.0
1737189244,103005.28,103006.68,0.0,0,1737189244323,6,0.0
1737189244,103017.56,103018.96,0.0,0,1737189244374,6,0.0
1737189244,103020.52,103021.92,0.0,0,1737189244475,6,0.0
1737189244,103025.25,103026.65,0.0,0,1737189244580,6,0.0
1737189244,103021.28,103022.68,0.0,0,1737189244685,6,0.0
1737189244,103022.86,103024.26,0.0,0,1737189244805,6,0.0
1737189244,103013.99,103015.39,0.0,0,1737189244921,6,0.0
1737189245,103015.06,103016.46,0.0,0,1737189245352,6,0.0
1737189245,103012.89,103014.29,0.0,0,1737189245467,6,0.0
1737189245,103012.88,103014.28,0.0,0,1737189245580,6,0.0
1737189245,103013.56,103014.96,0.0,0,1737189245681,6,0.0
1737189245,103016.3,103017.7,0.0,0,1737189245794,6,0.0
1737189245,103012.88,103014.28,0.0,0,1737189245898,6,0.0
1737189246,103009.08,103010.48,0.0,0,1737189246102,6,0.0
1737189246,103025.4,103026.8,0.0,0,1737189246206,6,0.0
1737189246,103021.3,103022.7,0.0,0,1737189246255,6,0.0
1737189246,103017.26,103018.66,0.0,0,1737189246306,6,0.0
1737189246,103057.61,103059.08,0.0,0,1737189246408,6,0.0
1737189246,103054.37,103055.77,0.0,0,1737189246508,6,0.0
1737189246,103059.19,103060.59,0.0,0,1737189246614,6,0.0
1737189246,103056.85,103058.25,0.0,0,1737189246716,6,0.0
1737189246,103054.63,103056.03,0.0,0,1737189246851,6,0.0
1737189246,103048.22,103049.62,0.0,0,1737189246966,6,0.0
1737189247,103048.75,103050.15,0.0,0,1737189247090,6,0.0
1737189247,103050.96,103052.36,0.0,0,1737189247200,6,0.0
1737189247,103051.16,103052.56,0.0,0,1737189247316,6,0.0
1737189247,103050.54,103051.94,0.0,0,1737189247432,6,0.0
1737189247,103047.62,103049.02,0.0,0,1737189247552,6,0.0
1737189247,103049.33,103050.73,0.0,0,1737189247666,6,0.0
1737189247,103061.22,103062.62,0.0,0,1737189247786,6,0.0
1737189247,103066.25,103067.65,0.0,0,1737189247838,6,0.0
1737189247,103072.97,103074.37,0.0,0,1737189247900,6,0.0
1737189248,103078.76,103080.16,0.0,0,1737189248004,6,0.0
1737189248,103081.21,103082.61,0.0,0,1737189248107,6,0.0
1737189248,103074.82,103076.22,0.0,0,1737189248211,6,0.0
1737189248,103085.91,103087.31,0.0,0,1737189248264,6,0.0
1737189248,103094.46,103095.86,0.0,0,1737189248371,6,0.0
1737189248,103094.45,103095.85,0.0,0,1737189248475,6,0.0
1737189248,103101.84,103103.24,0.0,0,1737189248525,6,0.0
1737189248,103101.83,103103.23,0.0,0,1737189248638,6,0.0
1737189248,103101.3,103102.7,0.0,0,1737189248742,6,0.0
1737189248,103096.38,103097.78,0.0,0,1737189248843,6,0.0
1737189248,103090.3,103091.7,0.0,0,1737189248946,6,0.0
1737189249,103090.19,103091.59,0.0,0,1737189249154,6,0.0
1737189249,103085.5,103086.9,0.0,0,1737189249210,6,0.0
1737189249,103080.4,103081.8,0.0,0,1737189249262,6,0.0
1737189249,103085.72,103087.12,0.0,0,1737189249364,6,0.0
1737189249,103082.45,103083.85,0.0,0,1737189249416,6,0.0
1737189249,103071.46,103072.86,0.0,0,1737189249466,6,0.0
1737189249,103064.92,103066.32,0.0,0,1737189249518,6,0.0
1737189249,103064.99,103066.39,0.0,0,1737189249628,6,0.0
1737189249,103068.09,103069.49,0.0,0,1737189249749,6,0.0
1737189249,103065.14,103066.54,0.0,0,1737189249859,6,0.0
1737189249,103070.73,103072.13,0.0,0,1737189249960,6,0.0
1737189250,103067.53,103068.93,0.0,0,1737189250020,6,0.0
1737189250,103069.52,103070.92,0.0,0,1737189250122,6,0.0
1737189250,103065.06,103066.46,0.0,0,1737189250178,6,0.0
1737189250,103052.74,103054.14,0.0,0,1737189250230,6,0.0
1737189250,103066.15,103067.55,0.0,0,1737189250494,6,0.0
1737189250,103067.04,103068.44,0.0,0,1737189250602,6,0.0
1737189250,103067.03,103068.43,0.0,0,1737189250728,6,0.0
1737189251,103065.44,103066.84,0.0,0,1737189251053,6,0.0
1737189251,103065.43,103066.83,0.0,0,1737189251173,6,0.0
1737189251,103065.44,103066.84,0.0,0,1737189251306,6,0.0
1737189251,103067.04,103068.44,0.0,0,1737189251406,6,0.0
1737189251,103072.05,103073.45,0.0,0,1737189251843,6,0.0
1737189251,103072.45,103073.85,0.0,0,1737189251974,6,0.0
1737189252,103074.25,103075.65,0.0,0,1737189252089,6,0.0
1737189252,103086.56,103087.96,0.0,0,1737189252201,6,0.0
1737189252,103092.06,103093.46,0.0,0,1737189252251,6,0.0
1737189252,103092.07,103093.47,0.0,0,1737189252353,6,0.0
1737189252,103092.08,103093.48,0.0,0,1737189252456,6,0.0
1737189252,103092.07,103093.47,0.0,0,1737189252791,6,0.0
1737189252,103087.88,103089.28,0.0,0,1737189252893,6,0.0
1737189253,103086.58,103087.98,0.0,0,1737189253000,6,0.0
1737189253,103086.58,103087.98,0.0,0,1737189253000,6,0.0
1737189253,103082.99,103084.39,0.0,0,1737189253051,6,0.0
1737189253,103077.5,103078.9,0.0,0,1737189253160,6,0.0
1737189253,103077.49,103078.89,0.0,0,1737189253376,6,0.0
1737189253,103075.3,103076.7,0.0,0,1737189253482,6,0.0
1737189253,103075.85,103077.25,0.0,0,1737189253584,6,0.0
1737189253,103075.3,103076.7,0.0,0,1737189253691,6,0.0
1737189253,103072.1,103073.5,0.0,0,1737189253805,6,0.0
1737189254,103075.1,103076.5,0.0,0,1737189254262,6,0.0
1737189254,103076.32,103077.72,0.0,0,1737189254374,6,0.0
1737189254,103081.66,103083.06,0.0,0,1737189254490,6,0.0
1737189254,103080.13,103081.53,0.0,0,1737189254602,6,0.0
1737189254,103085.01,103086.41,0.0,0,1737189254718,6,0.0
1737189254,103086.63,103088.03,0.0,0,1737189254827,6,0.0
1737189254,103084.58,103085.98,0.0,0,1737189254961,6,0.0
1737189255,103082.31,103083.71,0.0,0,1737189255062,6,0.0
1737189255,103079.77,103081.17,0.0,0,1737189255179,6,0.0
1737189255,103081.89,103083.29,0.0,0,1737189255306,6,0.0
1737189255,103075.11,103076.51,0.0,0,1737189255407,6,0.0
1737189255,103077.19,103078.59,0.0,0,1737189255628,6,0.0
1737189255,103076.28,103077.68,0.0,0,1737189255736,6,0.0
1737189255,103074.34,103075.74,0.0,0,1737189255787,6,0.0
1737189255,103072.12,103073.52,0.0,0,1737189255888,6,0.0
1737189256,103075.12,103076.52,0.0,0,1737189256073,6,0.0
1737189256,103075.22,103076.62,0.0,0,1737189256197,6,0.0
1737189256,103072.13,103073.53,0.0,0,1737189256506,6,0.0
1737189256,103072.14,103073.54,0.0,0,1737189256971,6,0.0
1737189257,103067.15,103068.55,0.0,0,1737189257071,6,0.0
1737189257,103067.16,103068.56,0.0,0,1737189257531,6,0.0
1737189257,103067.17,103068.57,0.0,0,1737189257924,6,0.0
1737189258,103075.38,103076.78,0.0,0,1737189258154,6,0.0
1737189258,103072.28,103073.68,0.0,0,1737189258802,6,0.0
1737189258,103069.4,103070.8,0.0,0,1737189258876,6,0.0
1737189259,103069.41,103070.81,0.0,0,1737189259007,6,0.0
1737189259,103067.31,103068.71,0.0,0,1737189259115,6,0.0
1737189259,103067.32,103068.72,0.0,0,1737189259917,6,0.0
1737189260,103067.22,103068.62,0.0,0,1737189260136,6,0.0
1737189260,103066.32,103067.72,0.0,0,1737189260349,6,0.0
1737189260,103077.22,103078.62,0.0,0,1737189260569,6,0.0
1737189260,103077.73,103079.13,0.0,0,1737189260670,6,0.0
1737189260,103077.74,103079.14,0.0,0,1737189260824,6,0.0
1737189261,103070.96,103072.36,0.0,0,1737189261644,6,0.0
1737189261,103062.88,103064.28,0.0,0,1737189261695,6,0.0
1737189261,103062.87,103064.27,0.0,0,1737189261799,6,0.0
1737189261,103062.88,103064.28,0.0,0,1737189261985,6,0.0
1737189262,103058.98,103060.38,0.0,0,1737189262036,6,0.0
1737189262,103050.26,103051.66,0.0,0,1737189262138,6,0.0
1737189262,103048.09,103049.49,0.0,0,1737189262238,6,0.0
1737189262,103047.89,103049.29,0.0,0,1737189262455,6,0.0
1737189262,103047.9,103049.3,0.0,0,1737189262726,6,0.0
1737189263,103047.91,103049.31,0.0,0,1737189263255,6,0.0
1737189263,103047.92,103049.32,0.0,0,1737189263613,6,0.0
1737189264,103047.93,103049.33,0.0,0,1737189264083,6,0.0
1737189264,103047.94,103049.34,0.0,0,1737189264318,6,0.0
1737189264,103032.49,103033.89,0.0,0,1737189264371,6,0.0
1737189264,103030.49,103031.89,0.0,0,1737189264472,6,0.0
1737189264,103030.5,103031.9,0.0,0,1737189264994,6,0.0
1737189265,103030.51,103031.91,0.0,0,1737189265487,6,0.0
1737189265,103029.91,103031.31,0.0,0,1737189265637,6,0.0
1737189265,103027.41,103028.81,0.0,0,1737189265743,6,0.0
1737189265,103021.31,103022.71,0.0,0,1737189265845,6,0.0
1737189265,103019.81,103021.21,0.0,0,1737189265963,6,0.0
1737189266,103019.82,103021.22,0.0,0,1737189266249,6,0.0
1737189266,103019.73,103021.13,0.0,0,1737189266671,6,0.0
1737189267,103014.44,103015.84,0.0,0,1737189267013,6,0.0
1737189267,103014.45,103015.85,0.0,0,1737189267178,6,0.0
1737189267,103013.35,103014.75,0.0,0,1737189267402,6,0.0
1737189267,103009.75,103011.15,0.0,0,1737189267465,6,0.0
1737189267,103008.16,103009.56,0.0,0,1737189267571,6,0.0
1737189267,103008.17,103009.57,0.0,0,1737189267916,6,0.0
1737189269,103009.79,103011.19,0.0,0,1737189269027,6,0.0
1737189269,103009.8,103011.2,0.0,0,1737189269141,6,0.0
1737189269,103009.81,103011.21,0.0,0,1737189269504,6,0.0
1737189269,103010.81,103012.21,0.0,0,1737189269616,6,0.0
1737189269,103010.82,103012.22,0.0,0,1737189269750,6,0.0
1737189270,103010.83,103012.23,0.0,0,1737189270143,6,0.0
1737189270,103010.84,103012.24,0.0,0,1737189270511,6,0.0
1737189270,103010.85,103012.25,0.0,0,1737189270854,6,0.0
1737189271,103014.76,103016.16,0.0,0,1737189271082,6,0.0
1737189271,103019.86,103021.26,0.0,0,1737189271132,6,0.0
1737189271,103021.16,103022.56,0.0,0,1737189271234,6,0.0
1737189271,103024.66,103026.06,0.0,0,1737189271387,6,0.0
1737189271,103024.67,103026.07,0.0,0,1737189271633,6,0.0
1737189272,103024.68,103026.08,0.0,0,1737189272353,6,0.0
1737189272,103041.05,103042.45,0.0,0,1737189272473,6,0.0
1737189273,103035.87,103037.27,0.0,0,1737189273378,6,0.0
1737189273,103035.88,103037.28,0.0,0,1737189273815,6,0.0
1737189273,103042.41,103043.81,0.0,0,1737189273867,6,0.0
1737189274,103040.83,103042.23,0.0,0,1737189274033,6,0.0
1737189274,103050.15,103051.55,0.0,0,1737189274167,6,0.0
1737189274,103048.08,103049.48,0.0,0,1737189274282,6,0.0
1737189274,103050.78,103052.18,0.0,0,1737189274389,6,0.0
1737189274,103045.49,103046.89,0.0,0,1737189274447,6,0.0
1737189274,103041.91,103043.31,0.0,0,1737189274497,6,0.0
1737189274,103037.72,103039.12,0.0,0,1737189274551,6,0.0
1737189274,103035.31,103036.71,0.0,0,1737189274604,6,0.0
1737189274,103030.64,103032.04,0.0,0,1737189274742,6,0.0
1737189274,103025.12,103026.52,0.0,0,1737189274885,6,0.0
1737189275,103025.59,103026.99,0.0,0,1737189275030,6,0.0
1737189275,103025.14,103026.54,0.0,0,1737189275186,6,0.0
1737189275,103025.15,103026.55,0.0,0,1737189275576,6,0.0
1737189275,103025.16,103026.56,0.0,0,1737189275812,6,0.0
1737189276,103025.17,103026.57,0.0,0,1737189276160,6,0.0
1737189276,103025.18,103026.58,0.0,0,1737189276430,6,0.0
1737189276,103025.19,103026.59,0.0,0,1737189276899,6,0.0
1737189277,103025.2,103026.6,0.0,0,1737189277436,6,0.0
1737189277,103024.91,103026.31,0.0,0,1737189277977,6,0.0
1737189278,103024.92,103026.32,0.0,0,1737189278325,6,0.0
1737189278,103024.93,103026.33,0.0,0,1737189278662,6,0.0
1737189279,103024.94,103026.34,0.0,0,1737189279095,6,0.0
1737189279,103022.04,103023.44,0.0,0,1737189279320,6,0.0
1737189279,103022.05,103023.45,0.0,0,1737189279421,6,0.0
1737189279,103015.28,103016.68,0.0,0,1737189279535,6,0.0
1737189279,103015.29,103016.69,0.0,0,1737189279978,6,0.0
1737189280,103015.3,103016.7,0.0,0,1737189280345,6,0.0
1737189280,103010.22,103011.62,0.0,0,1737189280725,6,0.0
1737189281,103010.23,103011.63,0.0,0,1737189281098,6,0.0
1737189281,103010.24,103011.64,0.0,0,1737189281678,6,0.0
1737189282,103010.25,103011.65,0.0,0,1737189282128,6,0.0
1737189282,103010.26,103011.66,0.0,0,1737189282515,6,0.0
1737189283,103010.27,103011.67,0.0,0,1737189283141,6,0.0
1737189283,103010.28,103011.68,0.0,0,1737189283643,6,0.0
1737189284,103010.29,103011.69,0.0,0,1737189284238,6,0.0
1737189284,103010.3,103011.7,0.0,0,1737189284868,6,0.0
1737189285,103010.31,103011.71,0.0,0,1737189285380,6,0.0
1737189285,103008.52,103009.92,0.0,0,1737189285907,6,0.0
1737189286,103006.28,103007.68,0.0,0,1737189286011,6,0.0
1737189286,103004.08,103005.48,0.0,0,1737189286134,6,0.0
1737189286,102996.86,102998.26,0.0,0,1737189286186,6,0.0
1737189286,102990.97,102992.37,0.0,0,1737189286391,6,0.0
1737189286,102990.87,102992.27,0.0,0,1737189286523,6,0.0
1737189286,102986.98,102988.38,0.0,0,1737189286574,6,0.0
1737189287,102986.99,102988.39,0.0,0,1737189287062,6,0.0
1737189287,102987.25,102988.65,0.0,0,1737189287552,6,0.0
1737189287,102990.9,102992.3,0.0,0,1737189287625,6,0.0
1737189287,102991.1,102992.5,0.0,0,1737189287728,6,0.0
1737189288,102991.11,102992.51,0.0,0,1737189288000,6,0.0
1737189288,102991.11,102992.51,0.0,0,1737189288000,6,0.0
1737189288,102991.12,102992.52,0.0,0,1737189288575,6,0.0
1737189289,102991.13,102992.53,0.0,0,1737189289132,6,0.0
1737189289,102991.14,102992.54,0.0,0,1737189289862,6,0.0
1737189290,102991.15,102992.55,0.0,0,1737189290428,6,0.0
1737189290,102991.16,102992.56,0.0,0,1737189290963,6,0.0
1737189291,102991.17,102992.57,0.0,0,1737189291428,6,0.0
1737189292,102991.18,102992.58,0.0,0,1737189292038,6,0.0
1737189292,102991.19,102992.59,0.0,0,1737189292539,6,0.0
1737189292,102991.2,102992.6,0.0,0,1737189292985,6,0.0
1737189293,102991.21,102992.61,0.0,0,1737189293383,6,0.0
1737189293,102991.22,102992.62,0.0,0,1737189293805,6,0.0
1737189294,102991.23,102992.63,0.0,0,1737189294286,6,0.0
1737189294,102988.74,102990.14,0.0,0,1737189294393,6,0.0
1737189294,102987.25,102988.65,0.0,0,1737189294779,6,0.0
1737189294,102984.06,102985.46,0.0,0,1737189294991,6,0.0
1737189295,102979.67,102981.07,0.0,0,1737189295654,6,0.0
1737189295,102979.58,102980.98,0.0,0,1737189295784,6,0.0
1737189296,102975.89,102977.29,0.0,0,1737189296252,6,0.0
1737189296,102974.19,102975.59,0.0,0,1737189296357,6,0.0
1737189296,102974.2,102975.6,0.0,0,1737189296629,6,0.0
1737189297,102974.21,102975.61,0.0,0,1737189297195,6,0.0
1737189297,102974.22,102975.62,0.0,0,1737189297845,6,0.0
1737189298,102974.23,102975.63,0.0,0,1737189298423,6,0.0
1737189298,102974.24,102975.64,0.0,0,1737189298987,6,0.0
1737189299,102974.25,102975.65,0.0,0,1737189299837,6,0.0
1737189300,102974.25,102975.65,0.0,0,1737189300074,2,0.0
1737189300,102974.26,102975.66,0.0,0,1737189300299,6,0.0
1737189300,102974.27,102975.67,0.0,0,1737189300946,6,0.0
1737189301,102972.48,102973.88,0.0,0,1737189301430,6,0.0
1737189301,102972.49,102973.89,0.0,0,1737189301602,6,0.0
1737189301,102969.59,102970.99,0.0,0,1737189301908,6,0.0
1737189302,102969.2,102970.6,0.0,0,1737189302012,6,0.0
1737189302,103038.12,103041.06,0.0,0,1737189302118,6,0.0
1737189302,103048.02,103050.82,0.0,0,1737189302221,6,0.0
1737189302,103047.25,103049.91,0.0,0,1737189302326,6,0.0
1737189302,103052.84,103055.45,0.0,0,1737189302379,6,0.0
1737189302,103052.03,103054.53,0.0,0,1737189302487,6,0.0
1737189302,103054.37,103056.78,0.0,0,1737189302619,6,0.0
1737189302,103058.48,103060.82,0.0,0,1737189302721,6,0.0
1737189302,103066.15,103068.41,0.0,0,1737189302841,6,0.0
1737189302,103068.13,103070.36,0.0,0,1737189302977,6,0.0
1737189303,103068.18,103070.37,0.0,0,1737189303080,6,0.0
1737189303,103068.67,103070.77,0.0,0,1737189303193,6,0.0
1737189303,103069.72,103071.73,0.0,0,1737189303327,6,0.0
1737189303,103070.8,103072.67,0.0,0,1737189303428,6,0.0
1737189303,103070.84,103072.65,0.0,0,1737189303546,6,0.0
1737189303,103070.87,103072.63,0.0,0,1737189303659,6,0.0
1737189303,103070.89,103072.61,0.0,0,1737189303789,6,0.0
1737189303,103070.91,103072.59,0.0,0,1737189303927,6,0.0
1737189304,103070.93,103072.58,0.0,0,1737189304039,6,0.0
1737189304,103070.95,103072.57,0.0,0,1737189304144,6,0.0
1737189304,103070.99,103072.55,0.0,0,1737189304252,6,0.0
1737189304,103069.24,103070.73,0.0,0,1737189304353,6,0.0
1737189304,103064.74,103066.19,0.0,0,1737189304403,6,0.0
1737189304,103064.61,103066.01,0.0,0,1737189304536,6,0.0
1737189304,103064.6,103066.0,0.0,0,1737189304646,6,0.0
1737189304,103064.59,103065.99,0.0,0,1737189304911,6,0.0
1737189305,103062.9,103064.3,0.0,0,1737189305029,6,0.0
1737189305,103057.5,103058.9,0.0,0,1737189305079,6,0.0
1737189305,103057.48,103058.88,0.0,0,1737189305183,6,0.0
1737189305,103056.38,103057.78,0.0,0,1737189305305,6,0.0
1737189305,103056.39,103057.79,0.0,0,1737189305907,6,0.0
1737189306,103055.29,103056.69,0.0,0,1737189306007,6,0.0
1737189306,103055.3,103056.7,0.0,0,1737189306257,6,0.0
1737189306,103055.31,103056.71,0.0,0,1737189306942,6,0.0
1737189307,103055.32,103056.72,0.0,0,1737189307370,6,0.0
1737189307,103055.43,103056.83,0.0,0,1737189307608,6,0.0
1737189307,103055.44,103056.84,0.0,0,1737189307847,6,0.0
1737189308,103057.71,103059.11,0.0,0,1737189308053,6,0.0
1737189308,103057.86,103059.26,0.0,0,1737189308185,6,0.0
1737189308,103057.87,103059.27,0.0,0,1737189308307,6,0.0
1737189308,103057.88,103059.28,0.0,0,1737189308784,6,0.0
1737189309,103056.48,103057.88,0.0,0,1737189309000,6,0.0
1737189309,103056.48,103057.88,0.0,0,1737189309000,6,0.0
1737189309,103056.49,103057.89,0.0,0,1737189309118,6,0.0
1737189309,103049.61,103051.01,0.0,0,1737189309169,6,0.0
1737189309,103044.41,103045.81,0.0,0,1737189309382,6,0.0
1737189309,103044.42,103045.82,0.0,0,1737189309485,6,0.0
1737189309,103044.43,103045.83,0.0,0,1737189309769,6,0.0
1737189309,103044.44,103045.84,0.0,0,1737189309909,6,0.0
1737189310,103044.45,103045.85,0.0,0,1737189310156,6,0.0
1737189310,103044.46,103045.86,0.0,0,1737189310385,6,0.0
1737189310,103044.47,103045.87,0.0,0,1737189310618,6,0.0
1737189310,103044.48,103045.88,0.0,0,1737189310884,6,0.0
1737189311,103044.49,103045.89,0.0,0,1737189311019,6,0.0
1737189311,103044.5,103045.9,0.0,0,1737189311246,6,0.0
1737189311,103044.51,103045.91,0.0,0,1737189311485,6,0.0
1737189311,103044.52,103045.92,0.0,0,1737189311695,6,0.0
1737189311,103044.53,103045.93,0.0,0,1737189311848,6,0.0
1737189312,103044.54,103045.94,0.0,0,1737189312087,6,0.0
1737189312,103044.55,103045.95,0.0,0,1737189312207,6,0.0
1737189312,103044.56,103045.96,0.0,0,1737189312390,6,0.0
1737189312,103044.57,103045.97,0.0,0,1737189312629,6,0.0
1737189312,103044.58,103045.98,0.0,0,1737189312772,6,0.0
1737189312,103044.59,103045.99,0.0,0,1737189312953,6,0.0
1737189314,103044.66,103046.06,0.0,0,1737189314133,6,0.0
1737189314,103044.67,103046.07,0.0,0,1737189314383,6,0.0
1737189314,103044.68,103046.08,0.0,0,1737189314558,6,0.0
1737189314,103044.69,103046.09,0.0,0,1737189314679,6,0.0
1737189314,103044.7,103046.1,0.0,0,1737189314913,6,0.0
1737189315,103044.71,103046.11,0.0,0,1737189315024,6,0.0
1737189315,103044.72,103046.12,0.0,0,1737189315151,6,0.0
1737189315,103044.73,103046.13,0.0,0,1737189315405,6,0.0
1737189315,103044.74,103046.14,0.0,0,1737189315545,6,0.0
1737189315,103044.75,103046.15,0.0,0,1737189315667,6,0.0
1737189315,103044.76,103046.16,0.0,0,1737189315805,6,0.0
1737189316,103044.77,103046.17,0.0,0,1737189316058,6,0.0
1737189316,103044.78,103046.18,0.0,0,1737189316224,6,0.0
1737189316,103044.79,103046.19,0.0,0,1737189316372,6,0.0
1737189316,103044.8,103046.2,0.0,0,1737189316491,6,0.0
1737189316,103044.81,103046.21,0.0,0,1737189316613,6,0.0
1737189316,103044.82,103046.22,0.0,0,1737189316838,6,0.0
1737189316,103044.83,103046.23,0.0,0,1737189316975,6,0.0
1737189317,103044.84,103046.24,0.0,0,1737189317119,6,0.0
1737189317,103044.85,103046.25,0.0,0,1737189317282,6,0.0
1737189317,103044.86,103046.26,0.0,0,1737189317550,6,0.0
1737189317,103044.87,103046.27,0.0,0,1737189317656,6,0.0
1737189317,103044.88,103046.28,0.0,0,1737189317861,6,0.0
1737189317,103044.89,103046.29,0.0,0,1737189317980,6,0.0
1737189318,103044.9,103046.3,0.0,0,1737189318153,6,0.0
1737189318,103044.91,103046.31,0.0,0,1737189318327,6,0.0
1737189318,103044.92,103046.32,0.0,0,1737189318565,6,0.0
1737189318,103042.84,103044.24,0.0,0,1737189318813,6,0.0
1737189318,103042.85,103044.25,0.0,0,1737189318932,6,0.0
1737189319,103042.86,103044.26,0.0,0,1737189319080,6,0.0
1737189319,103042.87,103044.27,0.0,0,1737189319213,6,0.0
1737189319,103042.88,103044.28,0.0,0,1737189319429,6,0.0
1737189319,103042.89,103044.29,0.0,0,1737189319607,6,0.0
1737189319,103042.9,103044.3,0.0,0,1737189319861,6,0.0
1737189320,103042.91,103044.31,0.0,0,1737189320116,6,0.0
1737189320,103042.92,103044.32,0.0,0,1737189320231,6,0.0
1737189320,103042.93,103044.33,0.0,0,1737189320498,6,0.0
1737189320,103042.94,103044.34,0.0,0,1737189320731,6,0.0
1737189320,103042.95,103044.35,0.0,0,1737189320928,6,0.0
1737189321,103042.96,103044.36,0.0,0,1737189321169,6,0.0
1737189321,103042.97,103044.37,0.0,0,1737189321443,6,0.0
1737189321,103042.98,103044.38,0.0,0,1737189321567,6,0.0
1737189321,103039.91,103041.31,0.0,0,1737189321834,6,0.0
1737189321,103039.92,103041.32,0.0,0,1737189321941,6,0.0
1737189322,103039.72,103041.12,0.0,0,1737189322049,6,0.0
1737189322,103039.73,103041.13,0.0,0,1737189322167,6,0.0
1737189322,103039.74,103041.14,0.0,0,1737189322400,6,0.0
1737189322,103039.75,103041.15,0.0,0,1737189322615,6,0.0
1737189322,103039.76,103041.16,0.0,0,1737189322830,6,0.0
1737189323,103039.77,103041.17,0.0,0,1737189323053,6,0.0
1737189323,103039.78,103041.18,0.0,0,1737189323264,6,0.0
1737189323,103039.79,103041.19,0.0,0,1737189323495,6,0.0
1737189323,103039.8,103041.2,0.0,0,1737189323816,6,0.0
1737189324,103039.81,103041.21,0.0,0,1737189324081,6,0.0
1737189324,103039.82,103041.22,0.0,0,1737189324185,6,0.0
1737189324,103039.83,103041.23,0.0,0,1737189324472,6,0.0
1737189324,103039.84,103041.24,0.0,0,1737189324674,6,0.0
1737189324,103039.85,103041.25,0.0,0,1737189324917,6,0.0
1737189325,103039.86,103041.26,0.0,0,1737189325166,6,0.0
1737189325,103039.87,103041.27,0.0,0,1737189325432,6,0.0
1737189325,103039.88,103041.28,0.0,0,1737189325800,6,0.0
1737189326,103039.89,103041.29,0.0,0,1737189326156,6,0.0
1737189326,103039.9,103041.3,0.0,0,1737189326382,6,0.0
1737189326,103039.91,103041.31,0.0,0,1737189326762,6,0.0
1737189327,103039.92,103041.32,0.0,0,1737189327158,6,0.0
1737189327,103039.93,103041.33,0.0,0,1737189327490,6,0.0
1737189327,103039.94,103041.34,0.0,0,1737189327769,6,0.0
1737189327,103039.95,103041.35,0.0,0,1737189327932,6,0.0
1737189328,103039.96,103041.36,0.0,0,1737189328249,6,0.0
1737189328,103039.97,103041.37,0.0,0,1737189328512,6,0.0
1737189328,103039.98,103041.38,0.0,0,1737189328625,6,0.0
1737189328,103039.99,103041.39,0.0,0,1737189328936,6,0.0
1737189329,103040.0,103041.4,0.0,0,1737189329070,6,0.0
1737189329,103040.01,103041.41,0.0,0,1737189329316,6,0.0
1737189329,103040.02,103041.42,0.0,0,1737189329530,6,0.0
1737189329,103040.03,103041.43,0.0,0,1737189329640,6,0.0
1737189329,103040.04,103041.44,0.0,0,1737189329859,6,0.0
1737189330,103040.05,103041.45,0.0,0,1737189330096,6,0.0
1737189330,103040.06,103041.46,0.0,0,1737189330335,6,0.0
1737189330,103040.07,103041.47,0.0,0,1737189330478,6,0.0
1737189330,103040.08,103041.48,0.0,0,1737189330701,6,0.0
1737189330,103040.09,103041.49,0.0,0,1737189330991,6,0.0
1737189331,103040.1,103041.5,0.0,0,1737189331141,6,0.0
1737189331,103040.11,103041.51,0.0,0,1737189331357,6,0.0
1737189331,103040.12,103041.52,0.0,0,1737189331637,6,0.0
1737189331,103040.13,103041.53,0.0,0,1737189331884,6,0.0
1737189332,103040.14,103041.54,0.0,0,1737189332180,6,0.0
1737189332,103040.15,103041.55,0.0,0,1737189332440,6,0.0
1737189332,103040.16,103041.56,0.0,0,1737189332657,6,0.0
1737189332,103040.17,103041.57,0.0,0,1737189332877,6,0.0
1737189333,103040.18,103041.58,0.0,0,1737189333366,6,0.0
1737189333,103040.19,103041.59,0.0,0,1737189333640,6,0.0
1737189333,103040.2,103041.6,0.0,0,1737189333884,6,0.0
1737189334,103040.21,103041.61,0.0,0,1737189334142,6,0.0
1737189334,103040.22,103041.62,0.0,0,1737189334667,6,0.0
1737189334,103040.23,103041.63,0.0,0,1737189334774,6,0.0
1737189335,103040.24,103041.64,0.0,0,1737189335010,6,0.0
1737189335,103040.25,103041.65,0.0,0,1737189335271,6,0.0
1737189335,103040.26,103041.66,0.0,0,1737189335537,6,0.0
1737189335,103040.27,103041.67,0.0,0,1737189335650,6,0.0
1737189335,103040.28,103041.68,0.0,0,1737189335873,6,0.0
1737189336,103040.29,103041.69,0.0,0,1737189336134,6,0.0
1737189336,103040.3,103041.7,0.0,0,1737189336268,6,0.0
1737189336,103040.31,103041.71,0.0,0,1737189336504,6,0.0
1737189336,103040.32,103041.72,0.0,0,1737189336655,6,0.0
1737189336,103061.68,103063.08,0.0,0,1737189336948,6,0.0
1737189337,103065.68,103067.08,0.0,0,1737189337004,6,0.0
1737189337,103066.27,103067.67,0.0,0,1737189337109,6,0.0
1737189337,103066.26,103067.66,0.0,0,1737189337212,6,0.0
1737189337,103066.25,103067.65,0.0,0,1737189337322,6,0.0
1737189338,103066.26,103067.66,0.0,0,1737189338974,6,0.0
1737189339,103062.07,103063.47,0.0,0,1737189339329,6,0.0
1737189339,103060.37,103061.77,0.0,0,1737189339431,6,0.0
1737189340,103060.38,103061.78,0.0,0,1737189340153,6,0.0
1737189340,103060.39,103061.79,0.0,0,1737189340989,6,0.0
1737189341,103062.09,103063.49,0.0,0,1737189341262,6,0.0
1737189341,103062.1,103063.5,0.0,0,1737189341627,6,0.0
1737189342,103062.11,103063.51,0.0,0,1737189342133,6,0.0
1737189342,103062.12,103063.52,0.0,0,1737189342634,6,0.0
1737189342,103062.13,103063.53,0.0,0,1737189342905,6,0.0
1737189343,103062.14,103063.54,0.0,0,1737189343378,6,0.0
1737189343,103062.15,103063.55,0.0,0,1737189343784,6,0.0
1737189344,103062.16,103063.56,0.0,0,1737189344108,6,0.0
1737189344,103062.17,103063.57,0.0,0,1737189344383,6,0.0
1737189344,103062.18,103063.58,0.0,0,1737189344765,6,0.0
1737189345,103062.19,103063.59,0.0,0,1737189345198,6,0.0
1737189345,103062.2,103063.6,0.0,0,1737189345456,6,0.0
1737189345,103062.21,103063.61,0.0,0,1737189345771,6,0.0
1737189346,103062.22,103063.62,0.0,0,1737189346082,6,0.0
1737189346,103062.23,103063.63,0.0,0,1737189346459,6,0.0
1737189346,103066.44,103067.84,0.0,0,1737189346597,6,0.0
1737189346,103066.45,103067.85,0.0,0,1737189346986,6,0.0
1737189347,103066.46,103067.86,0.0,0,1737189347361,6,0.0
1737189348,103066.47,103067.87,0.0,0,1737189348023,6,0.0
1737189348,103066.48,103067.88,0.0,0,1737189348910,6,0.0
1737189349,103066.49,103067.89,0.0,0,1737189349291,6,0.0
1737189349,103071.1,103072.5,0.0,0,1737189349344,6,0.0
1737189350,103071.11,103072.51,0.0,0,1737189350010,6,0.0
1737189350,103071.12,103072.52,0.0,0,1737189350942,6,0.0
1737189351,103071.13,103072.53,0.0,0,1737189351650,6,0.0
1737189352,103071.14,103072.54,0.0,0,1737189352406,6,0.0
1737189352,103071.15,103072.55,0.0,0,1737189352871,6,0.0
1737189353,103071.16,103072.56,0.0,0,1737189353791,6,0.0
1737189354,103071.17,103072.57,0.0,0,1737189354419,6,0.0
1737189354,103071.18,103072.58,0.0,0,1737189354982,6,0.0
1737189355,103071.19,103072.59,0.0,0,1737189355626,6,0.0
1737189355,103071.2,103072.6,0.0,0,1737189355971,6,0.0
1737189356,103071.21,103072.61,0.0,0,1737189356473,6,0.0
1737189357,103071.22,103072.62,0.0,0,1737189357057,6,0.0
1737189357,103074.23,103075.63,0.0,0,1737189357244,6,0.0
1737189357,103080.34,103081.74,0.0,0,1737189357297,6,0.0
1737189357,103081.94,103083.34,0.0,0,1737189357402,6,0.0
1737189357,103083.65,103085.05,0.0,0,1737189357618,6,0.0
1737189357,103084.05,103085.45,0.0,0,1737189357748,6,0.0
1737189357,103086.66,103088.06,0.0,0,1737189357864,6,0.0
1737189358,103088.77,103090.17,0.0,0,1737189358190,6,0.0
1737189359,103090.17,103091.57,0.0,0,1737189359213,6,0.0
1737189359,103093.26,103094.66,0.0,0,1737189359262,6,0.0
1737189359,103094.49,103095.89,0.0,0,1737189359380,6,0.0
1737189359,103097.62,103099.02,0.0,0,1737189359482,6,0.0
1737189359,103095.2,103096.6,0.0,0,1737189359584,6,0.0
1737189360,103091.37,103092.77,0.0,0,1737189360045,6,0.0
1737189360,103091.02,103092.42,0.0,0,1737189360150,6,0.0
1737189360,103083.99,103085.39,0.0,0,1737189360200,6,0.0
1737189360,103082.64,103084.04,0.0,0,1737189360302,6,0.0
1737189360,103081.84,103083.24,0.0,0,1737189360420,6,0.0
1737189360,103080.84,103082.24,0.0,0,1737189360527,6,0.0
1737189360,103080.14,103081.54,0.0,0,1737189360763,6,0.0
1737189360,103078.94,103080.34,0.0,0,1737189360866,6,0.0
1737189360,103077.69,103079.09,0.0,0,1737189360968,6,0.0
1737189361,103080.14,103081.54,0.0,0,1737189361077,6,0.0
1737189361,103083.54,103084.94,0.0,0,1737189361187,6,0.0
1737189361,103082.75,103084.15,0.0,0,1737189361319,6,0.0
1737189361,103088.11,103089.51,0.0,0,1737189361436,6,0.0
1737189361,103088.94,103090.34,0.0,0,1737189361549,6,0.0
1737189361,103086.95,103088.35,0.0,0,1737189361677,6,0.0
1737189361,103086.02,103087.42,0.0,0,1737189361781,6,0.0
1737189361,103082.54,103083.94,0.0,0,1737189361885,6,0.0
1737189362,103085.74,103087.14,0.0,0,1737189362131,6,0.0
1737189362,103085.75,103087.15,0.0,0,1737189362513,6,0.0
1737189363,103085.76,103087.16,0.0,0,1737189363280,6,0.0
1737189363,103082.57,103083.97,0.0,0,1737189363877,6,0.0
1737189364,103082.58,103083.98,0.0,0,1737189364095,6,0.0
1737189364,103080.29,103081.69,0.0,0,1737189364404,6,0.0
1737189364,103077.7,103079.1,0.0,0,1737189364724,6,0.0
1737189366,103060.99,103062.39,0.0,0,1737189366026,6,0.0
1737189366,103060.94,103062.34,0.0,0,1737189366129,6,0.0
1737189366,103060.95,103062.35,0.0,0,1737189366679,6,0.0
1737189367,103060.96,103062.36,0.0,0,1737189367692,6,0.0
1737189368,103060.97,103062.37,0.0,0,1737189368730,6,0.0
1737189369,103060.98,103062.38,0.0,0,1737189369147,6,0.0
1737189369,103060.99,103062.39,0.0,0,1737189369653,6,0.0
1737189370,103061.0,103062.4,0.0,0,1737189370041,6,0.0
1737189370,103061.01,103062.41,0.0,0,1737189370534,6,0.0
1737189370,103061.02,103062.42,0.0,0,1737189370916,6,0.0
1737189371,103061.03,103062.43,0.0,0,1737189371340,6,0.0
1737189371,103061.04,103062.44,0.0,0,1737189371691,6,0.0
1737189372,103061.05,103062.45,0.0,0,1737189372039,6,0.0
1737189372,103061.06,103062.46,0.0,0,1737189372402,6,0.0
1737189372,103061.07,103062.47,0.0,0,1737189372668,6,0.0
1737189373,103061.08,103062.48,0.0,0,1737189373134,6,0.0
1737189373,103061.09,103062.49,0.0,0,1737189373350,6,0.0
1737189373,103061.1,103062.5,0.0,0,1737189373647,6,0.0
1737189373,103061.11,103062.51,0.0,0,1737189373890,6,0.0
1737189374,103061.12,103062.52,0.0,0,1737189374300,6,0.0
1737189374,103061.13,103062.53,0.0,0,1737189374519,6,0.0
1737189374,103061.14,103062.54,0.0,0,1737189374785,6,0.0
1737369380,108290.51,108291.91,0.0,0,1737369380867,6,0.0
1737369380,108285.87,108287.27,0.0,0,1737369380917,6,0.0
1737369380,108274.69,108276.09,0.0,0,1737369380967,6,0.0
1737369520,108308.7,108310.1,0.0,0,1737369520092,6,0.0
1737369520,108308.07,108309.47,0.0,0,1737369520213,6,0.0
1737369520,108308.09,108309.49,0.0,0,1737369520373,6,0.0
1737369520,108305.34,108306.74,0.0,0,1737369520494,6,0.0
1737369520,108304.7,108306.1,0.0,0,1737369520621,6,0.0
1737369520,108302.88,108304.28,0.0,0,1737369520790,6,0.0
1737369567,108285.12,108286.52,0.0,0,1737369567237,6,0.0
1737369567,108285.58,108286.98,0.0,0,1737369567365,6,0.0
1737369567,108286.36,108287.76,0.0,0,1737369567550,6,0.0
1737369567,108286.79,108288.19,0.0,0,1737369567677,6,0.0
1737369567,108285.85,108287.25,0.0,0,1737369567824,6,0.0
1737369567,108290.4,108291.8,0.0,0,1737369567958,6,0.0
1737369814,108483.98,108485.38,0.0,0,1737369814253,6,0.0
1737369814,108482.71,108484.11,0.0,0,1737369814531,6,0.0
1737369814,108480.65,108482.05,0.0,0,1737369814692,6,0.0
1737369814,108479.21,108480.61,0.0,0,1737369814818,6,0.0
1737369846,108419.52,108420.92,0.0,0,1737369846164,6,0.0
1737369846,108418.51,108419.91,0.0,0,1737369846296,6,0.0
1737369846,108418.36,108419.76,0.0,0,1737369846403,6,0.0
1737369846,108415.77,108417.17,0.0,0,1737369846536,6,0.0
1737369846,108414.52,108415.92,0.0,0,1737369846755,6,0.0
1737369846,108412.37,108413.77,0.0,0,1737369846864,6,0.0
1737369846,108412.49,108413.89,0.0,0,1737369846968,6,0.0
1737370035,108419.15,108420.55,0.0,0,1737370035070,6,0.0
1737370035,108419.14,108420.54,0.0,0,1737370035188,6,0.0
1737370035,108410.76,108412.16,0.0,0,1737370035474,6,0.0
1737370035,108412.96,108414.36,0.0,0,1737370035689,6,0.0
1737370035,108414.96,108416.36,0.0,0,1737370035829,6,0.0
1737370074,108429.98,108431.38,0.0,0,1737370074263,6,0.0
1737370074,108430.31,108431.71,0.0,0,1737370074371,6,0.0
1737370074,108432.67,108434.07,0.0,0,1737370074602,6,0.0
1737370074,108434.04,108435.44,0.0,0,1737370074746,6,0.0
1737370177,108441.76,108443.16,0.0,0,1737370177044,6,0.0
1737370177,108440.06,108441.46,0.0,0,1737370177146,6,0.0
1737370177,108440.07,108441.47,0.0,0,1737370177260,6,0.0
1737370177,108440.08,108441.48,0.0,0,1737370177911,6,0.0
1737370217,108333.14,108334.54,0.0,0,1737370217001,6,0.0
1737370217,108333.39,108334.79,0.0,0,1737370217138,6,0.0
1737370217,108333.98,108335.38,0.0,0,1737370217245,6,0.0
1737370217,108330.07,108331.47,0.0,0,1737370217372,6,0.0
1737370217,108330.63,108332.03,0.0,0,1737370217484,6,0.0
1737370217,108332.24,108333.64,0.0,0,1737370217592,6,0.0
1737370217,108336.26,108337.66,0.0,0,1737370217731,6,0.0
1737370217,108337.07,108338.47,0.0,0,1737370217846,6,0.0
1737370234,108360.95,108362.35,0.0,0,1737370234070,6,0.0
1737370234,108355.4,108356.8,0.0,0,1737370234170,6,0.0
1737370234,108355.41,108356.81,0.0,0,1737370234793,6,0.0
1737370234,108358.6,108360.0,0.0,0,1737370234849,6,0.0
1737370234,108363.8,108365.2,0.0,0,1737370234899,6,0.0
1737371562,107955.78,107957.18,0.0,0,1737371562101,6,0.0
1737371562,107954.2,107955.6,0.0,0,1737371562238,6,0.0
1737371562,107952.72,107954.12,0.0,0,1737371562422,6,0.0
1737371562,107951.71,107953.11,0.0,0,1737371562530,6,0.0
1737371562,107951.91,107953.31,0.0,0,1737371562649,6,0.0
1737371562,107951.92,107953.32,0.0,0,1737371562753,6,0.0
1737371562,107953.71,107955.11,0.0,0,1737371562903,6,0.0
1737371643,107988.39,107989.79,0.0,0,1737371643021,6,0.0
1737371643,107988.38,107989.78,0.0,0,1737371643300,6,0.0
1737371643,107988.37,107989.77,0.0,0,1737371643632,6,0.0
1737371643,107985.47,107986.87,0.0,0,1737371643736,6,0.0
1737371643,107982.27,107983.67,0.0,0,1737371643788,6,0.0
1737371680,108058.91,108060.31,0.0,0,1737371680025,6,0.0
1737371680,108058.92,108060.32,0.0,0,1737371680141,6,0.0
1737371715,108033.7,108035.1,0.0,0,1737371715812,6,0.0
1737371737,108045.86,108047.26,0.0,0,1737371737002,6,0.0
1737371737,108046.02,108047.42,0.0,0,1737371737167,6,0.0
1737371737,108041.32,108042.72,0.0,0,1737371737915,6,0.0
1737371750,108040.07,108041.47,0.0,0,1737371750071,6,0.0
1737371750,108040.01,108041.41,0.0,0,1737371750174,6,0.0
1737371750,108039.03,108040.43,0.0,0,1737371750288,6,0.0
1737371750,108042.56,108043.96,0.0,0,1737371750435,6,0.0
1737371750,108042.55,108043.95,0.0,0,1737371750955,6,0.0
1737371762,108072.99,108074.39,0.0,0,1737371762013,6,0.0
1737371762,108071.49,108072.89,0.0,0,1737371762119,6,0.0
1737371775,108060.26,108061.66,0.0,0,1737371775710,6,0.0
1737371775,108046.74,108048.14,0.0,0,1737371775911,6,0.0
1737371832,108091.38,108092.78,0.0,0,1737371832308,6,0.0
1737371832,108094.38,108095.78,0.0,0,1737371832416,6,0.0
1737371832,108097.77,108099.17,0.0,0,1737371832478,6,0.0
1737371832,108097.97,108099.37,0.0,0,1737371832580,6,0.0
1737371832,108099.77,108101.17,0.0,0,1737371832706,6,0.0
1737371832,108104.62,108106.02,0.0,0,1737371832908,6,0.0
1737371879,108173.71,108175.11,0.0,0,1737371879458,6,0.0
1737371879,108178.55,108179.95,0.0,0,1737371879563,6,0.0
1737371879,108180.4,108181.8,0.0,0,1737371879679,6,0.0
1737371879,108180.41,108181.81,0.0,0,1737371879805,6,0.0
1737371914,108188.8,108190.2,0.0,0,1737371914111,6,0.0
1737371914,108188.79,108190.19,0.0,0,1737371914545,6,0.0
1737371914,108193.88,108195.28,0.0,0,1737371914649,6,0.0
1737371914,108196.07,108197.47,0.0,0,1737371914757,6,0.0
1737372021,108178.1,108179.5,0.0,0,1737372021091,6,0.0
1737372021,108178.24,108179.64,0.0,0,1737372021518,6,0.0
1737372021,108179.6,108181.0,0.0,0,1737372021651,6,0.0
1737372056,108271.68,108273.08,0.0,0,1737372056092,6,0.0
1737372056,108270.6,108272.0,0.0,0,1737372056639,6,0.0
1737372056,108266.92,108268.32,0.0,0,1737372056750,6,0.0
1737372056,108266.76,108268.16,0.0,0,1737372056859,6,0.0
1737372056,108266.38,108267.78,0.0,0,1737372056968,6,0.0
1737372057,108265.17,108266.57,0.0,0,1737372057072,6,0.0
1737372057,108264.9,108266.3,0.0,0,1737372057179,6,0.0
1737372057,108263.6,108265.0,0.0,0,1737372057299,6,0.0
1737372057,108260.97,108262.37,0.0,0,1737372057407,6,0.0
1737372057,108264.35,108265.75,0.0,0,1737372057517,6,0.0
1737372057,108267.12,108268.52,0.0,0,1737372057622,6,0.0
1737372057,108263.48,108264.88,0.0,0,1737372057732,6,0.0
1737372057,108266.38,108267.78,0.0,0,1737372057842,6,0.0
1737372057,108265.71,108267.11,0.0,0,1737372057960,6,0.0
1737372058,108266.58,108267.98,0.0,0,1737372058104,6,0.0
1737372058,108271.69,108273.09,0.0,0,1737372058241,6,0.0
1737372058,108271.63,108273.03,0.0,0,1737372058346,6,0.0
1737372058,108269.15,108270.55,0.0,0,1737372058462,6,0.0
1737372058,108257.43,108258.83,0.0,0,1737372058564,6,0.0
1737372058,108255.18,108256.58,0.0,0,1737372058675,6,0.0
1737372058,108254.57,108255.97,0.0,0,1737372058795,6,0.0
1737372058,108253.79,108255.19,0.0,0,1737372058958,6,0.0
1737372059,108253.76,108255.16,0.0,0,1737372059064,6,0.0
1737372059,108248.45,108249.85,0.0,0,1737372059640,6,0.0
1737372059,108247.65,108249.05,0.0,0,1737372059858,6,0.0
1737372059,108237.55,108238.95,0.0,0,1737372059962,6,0.0
1737372060,108232.64,108234.04,0.0,0,1737372060078,6,0.0
1737372060,108232.13,108233.53,0.0,0,1737372060330,6,0.0
1737372060,108227.63,108229.03,0.0,0,1737372060455,6,0.0
1737372060,108227.62,108229.02,0.0,0,1737372060580,6,0.0
1737372060,108217.73,108219.13,0.0,0,1737372060781,6,0.0
1737372152,108367.87,108369.27,0.0,0,1737372152224,6,0.0
1737372152,108360.82,108362.22,0.0,0,1737372152275,6,0.0
1737372152,108360.83,108362.23,0.0,0,1737372152404,6,0.0
1737372152,108346.96,108348.36,0.0,0,1737372152508,6,0.0
1737372152,108339.74,108341.14,0.0,0,1737372152561,6,0.0
1737372152,108338.34,108339.74,0.0,0,1737372152672,6,0.0
1737372152,108336.54,108337.94,0.0,0,1737372152905,6,0.0
1737372152,108327.0,108328.4,0.0,0,1737372152961,6,0.0
1737372153,108320.85,108322.25,0.0,0,1737372153010,6,0.0
1737372153,108318.25,108319.65,0.0,0,1737372153118,6,0.0
1737372153,108316.14,108317.54,0.0,0,1737372153239,6,0.0
1737372153,108308.26,108309.66,0.0,0,1737372153383,6,0.0
1737372153,108306.94,108308.34,0.0,0,1737372153489,6,0.0
1737372153,108312.14,108313.54,0.0,0,1737372153591,6,0.0
1737372153,108315.01,108316.41,0.0,0,1737372153695,6,0.0
1737372154,108315.02,108316.42,0.0,0,1737372154236,6,0.0
1737372154,108320.13,108321.53,0.0,0,1737372154355,6,0.0
1737372154,108319.42,108320.82,0.0,0,1737372154460,6,0.0
1737372154,108318.13,108319.53,0.0,0,1737372154569,6,0.0
1737372154,108310.92,108312.32,0.0,0,1737372154625,6,0.0
1737372154,108313.64,108315.04,0.0,0,1737372154751,6,0.0
1737372154,108315.76,108317.16,0.0,0,1737372154889,6,0.0
1737372154,108313.97,108315.37,0.0,0,1737372154990,6,0.0
1737372155,108319.36,108320.76,0.0,0,1737372155090,6,0.0
1737372155,108325.65,108327.05,0.0,0,1737372155202,6,0.0
1737372156,108325.64,108327.04,0.0,0,1737372156113,6,0.0
1737372156,108325.63,108327.03,0.0,0,1737372156971,6,0.0
1737372184,108309.88,108311.28,0.0,0,1737372184056,6,0.0
1737372184,108306.62,108308.02,0.0,0,1737372184171,6,0.0
1737372184,108311.13,108312.53,0.0,0,1737372184281,6,0.0
1737372184,108310.46,108311.86,0.0,0,1737372184387,6,0.0
1737372184,108310.5,108311.9,0.0,0,1737372184506,6,0.0
1737372184,108312.12,108313.52,0.0,0,1737372184614,6,0.0
1737372184,108309.48,108310.88,0.0,0,1737372184724,6,0.0
1737372184,108309.99,108311.39,0.0,0,1737372184834,6,0.0
1737372184,108314.54,108315.94,0.0,0,1737372184889,6,0.0
1737372185,108315.06,108316.46,0.0,0,1737372185014,6,0.0
1737372185,108315.86,108317.26,0.0,0,1737372185127,6,0.0
1737372185,108315.07,108316.47,0.0,0,1737372185239,6,0.0
1737372185,108316.15,108317.55,0.0,0,1737372185366,6,0.0
1737372185,108317.52,108318.92,0.0,0,1737372185489,6,0.0
1737372185,108321.79,108323.19,0.0,0,1737372185640,6,0.0
1737372185,108327.23,108328.63,0.0,0,1737372185691,6,0.0
1737372185,108335.89,108337.29,0.0,0,1737372185794,6,0.0
1737372185,108339.57,108340.97,0.0,0,1737372185896,6,0.0
1737372186,108342.14,108343.54,0.0,0,1737372186008,6,0.0
1737372186,108342.58,108343.98,0.0,0,1737372186122,6,0.0
1737372186,108340.61,108342.01,0.0,0,1737372186259,6,0.0
1737372186,108341.2,108342.6,0.0,0,1737372186413,6,0.0
1737372186,108343.61,108345.01,0.0,0,1737372186600,6,0.0
1737372186,108344.41,108345.81,0.0,0,1737372186708,6,0.0
1737372186,108349.9,108351.3,0.0,0,1737372186761,6,0.0
1737372187,108349.89,108351.29,0.0,0,1737372187114,6,0.0
1737372187,108349.88,108351.28,0.0,0,1737372187356,6,0.0
1737372187,108352.07,108353.47,0.0,0,1737372187605,6,0.0
1737372187,108355.28,108356.68,0.0,0,1737372187662,6,0.0
1737372187,108355.27,108356.67,0.0,0,1737372187762,6,0.0
1737372187,108355.26,108356.66,0.0,0,1737372187876,6,0.0
1737372188,108355.25,108356.65,0.0,0,1737372188180,6,0.0
1737372188,108355.24,108356.64,0.0,0,1737372188588,6,0.0
1737372189,108355.43,108356.83,0.0,0,1737372189258,6,0.0
1737372189,108360.63,108362.03,0.0,0,1737372189309,6,0.0
1737372189,108369.6,108371.0,0.0,0,1737372189363,6,0.0
1737372189,108372.9,108374.3,0.0,0,1737372189413,6,0.0
1737372189,108375.5,108376.9,0.0,0,1737372189516,6,0.0
1737372190,108375.49,108376.89,0.0,0,1737372190099,6,0.0
1737372191,108373.01,108374.41,0.0,0,1737372191112,6,0.0
1737372191,108368.85,108370.25,0.0,0,1737372191288,6,0.0
1737372191,108372.32,108373.72,0.0,0,1737372191436,6,0.0
1737372191,108370.1,108371.5,0.0,0,1737372191546,6,0.0
1737372191,108366.1,108367.5,0.0,0,1737372191600,6,0.0
1737372191,108362.1,108363.5,0.0,0,1737372191702,6,0.0
1737372191,108365.5,108366.9,0.0,0,1737372191831,6,0.0
1737372191,108357.41,108358.81,0.0,0,1737372191947,6,0.0
1737372192,108358.9,108360.3,0.0,0,1737372192099,6,0.0
1737372192,108356.45,108357.85,0.0,0,1737372192204,6,0.0
1737372192,108355.64,108357.04,0.0,0,1737372192314,6,0.0
1737372192,108355.23,108356.63,0.0,0,1737372192432,6,0.0
1737372192,108355.39,108356.79,0.0,0,1737372192566,6,0.0
1737372192,108355.38,108356.78,0.0,0,1737372192669,6,0.0
1737372192,108354.61,108356.01,0.0,0,1737372192780,6,0.0
1737372192,108352.66,108354.06,0.0,0,1737372192894,6,0.0
1737372193,108348.89,108350.29,0.0,0,1737372193020,6,0.0
1737372193,108345.09,108346.49,0.0,0,1737372193097,6,0.0
1737372193,108344.32,108345.72,0.0,0,1737372193216,6,0.0
1737372193,108343.77,108345.17,0.0,0,1737372193326,6,0.0
1737372193,108344.25,108345.65,0.0,0,1737372193474,6,0.0
1737372193,108343.77,108345.17,0.0,0,1737372193615,6,0.0
1737372193,108343.78,108345.18,0.0,0,1737372193745,6,0.0
1737372194,108343.79,108345.19,0.0,0,1737372194155,6,0.0
1737373338,108129.21,108130.61,0.0,0,1737373338303,6,0.0
1737373397,108182.83,108184.23,0.0,0,1737373397657,6,0.0
1737373397,108183.06,108184.46,0.0,0,1737373397776,6,0.0
1737373397,108182.72,108184.12,0.0,0,1737373397882,6,0.0
1737373459,108128.64,108130.04,0.0,0,1737373459080,6,0.0
1737373459,108133.24,108134.64,0.0,0,1737373459400,6,0.0
1737373459,108134.74,108136.14,0.0,0,1737373459508,6,0.0
1737373459,108136.84,108138.24,0.0,0,1737373459692,6,0.0
1737373461,108129.46,108130.86,0.0,0,1737373461431,6,0.0
1737373461,108112.96,108114.36,0.0,0,1737373461534,6,0.0
1737373461,108105.17,108106.57,0.0,0,1737373461586,6,0.0
1737373461,108093.41,108094.81,0.0,0,1737373461643,6,0.0
1737373461,108092.55,108093.95,0.0,0,1737373461743,6,0.0
1737373461,108091.55,108092.95,0.0,0,1737373461851,6,0.0
1737373462,108087.76,108089.16,0.0,0,1737373462371,6,0.0
1737373462,108086.16,108087.56,0.0,0,1737373462750,6,0.0
1737373462,108078.76,108080.16,0.0,0,1737373462805,6,0.0
1737373463,108078.77,108080.17,0.0,0,1737373463165,6,0.0
1737373463,108078.78,108080.18,0.0,0,1737373463858,6,0.0
1737373464,108080.58,108081.98,0.0,0,1737373464247,6,0.0
1737373464,108086.08,108087.48,0.0,0,1737373464350,6,0.0
1737373464,108087.18,108088.58,0.0,0,1737373464592,6,0.0
1737373464,108092.78,108094.18,0.0,0,1737373464649,6,0.0
1737373466,108092.79,108094.19,0.0,0,1737373466695,6,0.0
1737373467,108097.69,108099.09,0.0,0,1737373467248,6,0.0
1737373467,108102.09,108103.49,0.0,0,1737373467299,6,0.0
1737373470,108102.1,108103.5,0.0,0,1737373470089,6,0.0
1737373472,108102.11,108103.51,0.0,0,1737373472290,6,0.0
1737373473,108102.12,108103.52,0.0,0,1737373473651,6,0.0
1737373473,108107.83,108109.23,0.0,0,1737373473884,6,0.0
1737373474,108107.84,108109.24,0.0,0,1737373474657,6,0.0
1737373474,108112.15,108113.55,0.0,0,1737373474938,6,0.0
1737373476,108113.26,108114.66,0.0,0,1737373476488,6,0.0
1737373476,108118.66,108120.06,0.0,0,1737373476765,6,0.0
1737373476,108124.47,108125.87,0.0,0,1737373476816,6,0.0
1737373476,108129.48,108130.88,0.0,0,1737373476935,6,0.0
1737373477,108129.49,108130.89,0.0,0,1737373477302,6,0.0
1737373477,108129.48,108130.88,0.0,0,1737373477502,6,0.0
1737373477,108129.49,108130.89,0.0,0,1737373477624,6,0.0
1737373478,108129.5,108130.9,0.0,0,1737373478917,6,0.0
1737373480,108124.44,108125.84,0.0,0,1737373480644,6,0.0
1737373480,108124.43,108125.83,0.0,0,1737373480793,6,0.0
1737373480,108114.64,108116.04,0.0,0,1737373480898,6,0.0
1737373480,108114.13,108115.53,0.0,0,1737373480999,6,0.0
1737373666,108218.59,108219.99,0.0,0,1737373666042,6,0.0
1737373666,108220.07,108221.47,0.0,0,1737373666253,6,0.0
1737373666,108220.36,108221.76,0.0,0,1737373666408,6,0.0
1737373666,108220.08,108221.48,0.0,0,1737373666532,6,0.0
1737373666,108222.67,108224.07,0.0,0,1737373666691,6,0.0
1737373666,108223.24,108224.64,0.0,0,1737373666880,6,0.0
1737373666,108226.66,108228.06,0.0,0,1737373666991,6,0.0
1737373667,108227.14,108228.54,0.0,0,1737373667108,6,0.0
1737373667,108226.2,108227.6,0.0,0,1737373667233,6,0.0
1737373667,108225.36,108226.76,0.0,0,1737373667344,6,0.0
1737373667,108224.23,108225.63,0.0,0,1737373667474,6,0.0
1737373667,108225.29,108226.69,0.0,0,1737373667618,6,0.0
1737373667,108227.12,108228.52,0.0,0,1737373667770,6,0.0
1737373668,108227.11,108228.51,0.0,0,1737373668008,6,0.0
1737373668,108225.1,108226.5,0.0,0,1737373668328,6,0.0
1737373668,108220.49,108221.89,0.0,0,1737373668457,6,0.0
1737373668,108219.71,108221.11,0.0,0,1737373668645,6,0.0
1737373668,108220.42,108221.82,0.0,0,1737373668793,6,0.0
